{
  "CompareTest_20260117_UTC1235": {
    "sog_knots": 20.12833333333333,
    "heading_deg": 144.99499999999998,
    "wind_hs": 0.7221440698242187,
    "wind_dir": 151.75854590616862,
    "wind_tp": 3.661954969889323,
    "swell_hs": 0.9683224025472005,
    "swell_dir": 175.14042397542318,
    "swell_tp": 7.4235258421071375
  },
  "FlowOpti01_20260112_UTC0940": {
    "sog_knots": 19.888333333333332,
    "heading_deg": 194.99499999999998,
    "wind_hs": 0.8492838541666666,
    "wind_dir": 213.49376424153647,
    "wind_tp": 3.5766169230143228,
    "swell_hs": 1.2377560933430989,
    "swell_dir": 308.7558288574219,
    "swell_tp": 8.453118642171225
  },
  "FlowOpti02_20260112_UTC1158": {
    "sog_knots": 20.204999999999995,
    "heading_deg": 195.0,
    "wind_hs": 0.6993101850585935,
    "wind_dir": 204.53505317122398,
    "wind_tp": 3.2353514936523435,
    "swell_hs": 1.1859157618815104,
    "swell_dir": 314.13794252376306,
    "swell_tp": 8.44562530822754
  },
  "FlowOpti03_20260112_UTC1228": {
    "sog_knots": 20.198333333333338,
    "heading_deg": 195.61666666666667,
    "wind_hs": 0.8571684095052086,
    "wind_dir": 207.85981533821615,
    "wind_tp": 3.4941077029622396,
    "swell_hs": 1.1590592967325846,
    "swell_dir": 311.81260238085935,
    "swell_tp": 8.429908324320476
  },
  "FlowOpti04_20260112_UTC1328": {
    "sog_knots": 20.151666666666664,
    "heading_deg": 197.01833333333335,
    "wind_hs": 0.865904905273437,
    "wind_dir": 212.51302974609374,
    "wind_tp": 3.462357364095051,
    "swell_hs": 1.1073081176122028,
    "swell_dir": 318.66728251367186,
    "swell_tp": 8.546319820983888
  },
  "FlowOpti05_20260112_UTC1434": {
    "sog_knots": 20.176666666666666,
    "heading_deg": 197.0033333333333,
    "wind_hs": 0.9919392903645834,
    "wind_dir": 215.30853271484375,
    "wind_tp": 3.660576883951823,
    "swell_hs": 1.0791735728581746,
    "swell_dir": 321.11931864420575,
    "swell_tp": 8.459097957611084
  },
  "FlowOpti06_20260112_UTC1548": {
    "sog_knots": 20.256666666666668,
    "heading_deg": 196.99333333333334,
    "wind_hs": 0.9846435546875,
    "wind_dir": 218.83010559082032,
    "wind_tp": 3.629872131347656,
    "swell_hs": 1.0334906578063965,
    "swell_dir": 330.4532043457031,
    "swell_tp": 8.513335037231446
  },
  "PreTest02_20260127_UTC0634": {
    "sog_knots": 21.204999999999995,
    "heading_deg": 56.986666666666665,
    "wind_hs": 0.32261152766927104,
    "wind_dir": 65.09903174080404,
    "wind_tp": 2.566179032714844,
    "swell_hs": 2.0208577821451823,
    "swell_dir": 198.18117379882813,
    "swell_tp": 10.975557162953695
  },
  "SET01_20260115_UTC0819": {
    "sog_knots": 20.72333333333334,
    "heading_deg": 162.53166666666664,
    "wind_hs": 0.5071123434244791,
    "wind_dir": 9.754926638658524,
    "wind_tp": 3.0763971248372397,
    "swell_hs": 1.3265969915364582,
    "swell_dir": 333.43849823177084,
    "swell_tp": 8.524651340606688
  },
  "SET02_20260115_UTC0928": {
    "sog_knots": 21.09666666666667,
    "heading_deg": 146.29833333333332,
    "wind_hs": 0.3904798948567709,
    "wind_dir": 36.68172263681673,
    "wind_tp": 2.7579249853515626,
    "swell_hs": 1.2882752651367186,
    "swell_dir": 332.5048651940104,
    "swell_tp": 8.560354291178385
  },
  "SET03_20260115_UTC1118": {
    "sog_knots": 21.15833333333334,
    "heading_deg": 143.98666666666668,
    "wind_hs": 0.19668458593750004,
    "wind_dir": 308.5125560379084,
    "wind_tp": 2.1504562463378907,
    "swell_hs": 1.1509635922851562,
    "swell_dir": 323.0682325957031,
    "swell_tp": 8.454866465667724
  },
  "SET07_20260116_UTC0745": {
    "sog_knots": 21.036666666666658,
    "heading_deg": 147.98166666666668,
    "wind_hs": 0.00530569335937523,
    "wind_dir": 58.387902802620054,
    "wind_tp": 3.5422488842773423,
    "swell_hs": 0.9534874951171876,
    "swell_dir": 180.49125411499026,
    "swell_tp": 7.808781590423584
  },
  "SET10_20260116_UTC1202": {
    "sog_knots": 20.803333333333327,
    "heading_deg": 147.975,
    "wind_hs": 0.10888276603190103,
    "wind_dir": 166.63848724141184,
    "wind_tp": 1.8948638840332033,
    "swell_hs": 0.9943988949209849,
    "swell_dir": 177.2140027906901,
    "swell_tp": 7.742656589426676
  },
  "SET11_20260116_UTC1316": {
    "sog_knots": 20.566666666666674,
    "heading_deg": 147.85,
    "wind_hs": 0.1650315179036458,
    "wind_dir": 174.27213521907552,
    "wind_tp": 2.0297228533528644,
    "swell_hs": 1.000089707379659,
    "swell_dir": 176.6509202919922,
    "swell_tp": 7.732491682800293
  },
  "SET12_20260116_UTC1418": {
    "sog_knots": 20.376666666666658,
    "heading_deg": 147.00666666666666,
    "wind_hs": 0.22376416357421877,
    "wind_dir": 174.91923109326171,
    "wind_tp": 2.264574733886719,
    "swell_hs": 1.0005695791435243,
    "swell_dir": 176.14607959423827,
    "swell_tp": 7.718482540527344
  },
  "SET13_20260117_UTC0720": {
    "sog_knots": 20.126666666666665,
    "heading_deg": 144.97833333333335,
    "wind_hs": 0.36899345703124997,
    "wind_dir": 158.45526634928385,
    "wind_tp": 2.745985477701823,
    "swell_hs": 1.020421352450053,
    "swell_dir": 173.15387056477863,
    "swell_tp": 7.28000383758545
  },
  "SET14_20260117_UTC0816": {
    "sog_knots": 20.28166666666667,
    "heading_deg": 144.99166666666665,
    "wind_hs": 0.44448470703125004,
    "wind_dir": 154.2517185091146,
    "wind_tp": 2.9689256974283853,
    "swell_hs": 1.0147648276138306,
    "swell_dir": 174.0721628922526,
    "swell_tp": 7.336417285664877
  },
  "SET15_20260117_UTC1029": {
    "sog_knots": 20.22666666666667,
    "heading_deg": 145.01166666666668,
    "wind_hs": 0.63465576171875,
    "wind_dir": 154.06687978108724,
    "wind_tp": 3.4520787556966144,
    "swell_hs": 0.99844970703125,
    "swell_dir": 173.89769236246744,
    "swell_tp": 7.358301782608033
  },
  "SET16_20260117_UTC1134": {
    "sog_knots": 20.018333333333334,
    "heading_deg": 144.9966666666667,
    "wind_hs": 0.6893406982421875,
    "wind_dir": 153.3322855875651,
    "wind_tp": 3.5961808471679686,
    "swell_hs": 0.9870192586263021,
    "swell_dir": 174.1780571777344,
    "swell_tp": 7.38245353342692
  },
  "SET17_20260118_UTC0616": {
    "sog_knots": 20.26333333333334,
    "heading_deg": 146.97833333333335,
    "wind_hs": 0.724731278483073,
    "wind_dir": 137.3446255891927,
    "wind_tp": 3.6202096020507817,
    "swell_hs": 1.3504096121851603,
    "swell_dir": 169.2636448567708,
    "swell_tp": 7.757830592244466
  },
  "SET18_20260127_UTC0733": {
    "sog_knots": 21.053333333333335,
    "heading_deg": 58.888333333333335,
    "wind_hs": 0.29657640112304684,
    "wind_dir": 64.35890603137207,
    "wind_tp": 2.465137116455078,
    "swell_hs": 2.008439821777344,
    "swell_dir": 197.23052703540037,
    "swell_tp": 10.905463562286377
  },
  "SET19_20260127_UTC0836": {
    "sog_knots": 21.009999999999998,
    "heading_deg": 62.97833333333333,
    "wind_hs": 0.24709025195312506,
    "wind_dir": 63.71647512945556,
    "wind_tp": 2.2856891684570315,
    "swell_hs": 2.0054215634765624,
    "swell_dir": 196.56419347558597,
    "swell_tp": 10.846704272521972
  },
  "SET21_20260129_UTC0247": {
    "sog_knots": 21.118333333333332,
    "heading_deg": 55.976666666666674,
    "wind_hs": 0.297015380859375,
    "wind_dir": 159.06561609903972,
    "wind_tp": 2.5120091756184895,
    "swell_hs": 1.75421142578125,
    "swell_dir": 175.89339167277018,
    "swell_tp": 9.617451206843059
  },
  "SET22_20260129_UTC0357": {
    "sog_knots": 21.189999999999998,
    "heading_deg": 56.00666666666667,
    "wind_hs": 0.20516863183593756,
    "wind_dir": 171.853041684082,
    "wind_tp": 2.1916555444335937,
    "swell_hs": 1.7535423117675781,
    "swell_dir": 176.43808188671875,
    "swell_tp": 9.621878527206421
  },
  "SET23_20260129_UTC0821": {
    "sog_knots": 21.178333333333335,
    "heading_deg": 57.86333333333334,
    "wind_hs": 0.0709643200683593,
    "wind_dir": 210.24056715996264,
    "wind_tp": 1.8910203515625,
    "swell_hs": 1.7232624365234375,